"","nm","Career Att.","Career Pct.","17-18 Makes","17-18 Att.","17-18 Pct.","Preseason Proj.","Proj. Now","Change"
"1","Alex Abrines",247,0.38056665,41,107,0.383177570093458,0.357582,0.3638857,0.006303759
"2","Quincy Acy",204,0.37254884,58,167,0.347305389221557,0.3527579,0.353588,0.0008300752
"5","Arron Afflalo",1892,0.39270611,14,40,0.35,0.3927061,0.3905438,-0.002162335
"7","LaMarcus Aldridge",293,0.28668932,24,70,0.342857142857143,0.3187489,0.3186286,-0.0001203008
"11","Al-Farouq Aminu",942,0.32377916,63,159,0.39622641509434,0.3237792,0.3364515,0.01267229
"12","Justin Anderson",155,0.27741918,12,35,0.342857142857143,0.3284812,0.3284211,-6.015038e-05
"13","Kyle Anderson",88,0.3409087,8,23,0.347826086956522,0.343591,0.3437233,0.0001323308
"14","Ryan Anderson",3107,0.38107498,90,245,0.36734693877551,0.381075,0.3776947,-0.003380271
"16","Giannis Antetokounmpo",451,0.2771618,19,68,0.279411764705882,0.2986707,0.2920662,-0.006604511
"17","Carmelo Anthony",3261,0.34651946,96,265,0.362264150943396,0.3465195,0.3506301,0.004110682
"18","OG Anunoby",0,0,47,130,0.361538461538462,0.344,0.3474286,0.003428571
"20","Trevor Ariza",3253,0.35106055,111,289,0.384083044982699,0.3510605,0.3602458,0.009185276
"24","D.J. Augustin",1924,0.37525986,45,113,0.398230088495575,0.3752599,0.3782675,0.00300769
"25","Luke Babbitt",823,0.40583227,41,95,0.431578947368421,0.4058323,0.4087269,0.002894597
"26","Dwayne Bacon",0,0,10,32,0.3125,0.344,0.3424842,-0.001515789
"27","Ron Baker",86,0.26744155,11,32,0.34375,0.3340992,0.3340872,-1.203008e-05
"28","Lonzo Ball",0,0,59,195,0.302564102564103,0.344,0.3318496,-0.01215038
"29","J.J. Barea",1804,0.35144122,75,199,0.376884422110553,0.3514412,0.3567765,0.005335297
"30","Harrison Barnes",986,0.37018252,61,173,0.352601156069364,0.3701825,0.3668872,-0.003295315
"31","Will Barton",725,0.32689651,80,222,0.36036036036036,0.3268966,0.3347413,0.007844737
"32","Nicolas Batum",2875,0.35652173,33,116,0.28448275862069,0.3565217,0.3468722,-0.009649562
"33","Jerryd Bayless",1041,0.3727185,51,138,0.369565217391304,0.3727185,0.3722285,-0.0004900378
"35","Kent Bazemore",826,0.35351085,69,181,0.38121546961326,0.3535109,0.358897,0.005386182
"36","Bradley Beal",1661,0.39915711,110,299,0.367892976588629,0.3991571,0.3902458,-0.008911321
"37","Malik Beasley",28,0.32142742,18,61,0.295081967213115,0.3430496,0.3385624,-0.004487218
"38","Michael Beasley",732,0.34699449,15,38,0.394736842105263,0.3469945,0.3493506,0.002356114
"39","Marco Belinelli",2262,0.37709989,79,204,0.387254901960784,0.3770999,0.3792714,0.002171511
"41","DeAndre' Bembry",18,0.05555525,7,20,0.35,0.3361925,0.3363729,0.0001804511
"42","Dragan Bender",101,0.27722745,65,172,0.377906976744186,0.3338586,0.3426286,0.008769925
"43","Davis Bertans",173,0.3988437,53,131,0.404580152671756,0.3582677,0.3702015,0.01193383
"44","Patrick Beverley",1272,0.37499997,24,60,0.4,0.375,0.3768518,0.001851854
"48","Nemanja Bjelica",302,0.34437075,28,62,0.451612903225806,0.3441684,0.3542015,0.01003308
"50","Antonio Blakeney",0,0,8,28,0.285714285714286,0.344,0.3415459,-0.002454135
"51","Eric Bledsoe",1075,0.33395346,57,180,0.316666666666667,0.3339535,0.3306076,-0.00334583
"53","Eric Bledsoe",1075,0.33395346,53,167,0.317365269461078,0.3339535,0.3309325,-0.003020968
"55","Bogdan Bogdanovic",0,0,63,157,0.401273885350318,0.344,0.3575218,0.0135218
"56","Bojan Bogdanovic",709,0.37376581,82,218,0.376146788990826,0.3737659,0.3743258,0.0005599147
"59","Devin Booker",694,0.35446681,98,253,0.387351778656126,0.3544669,0.3632524,0.008785517
"63","Avery Bradley",1421,0.36593945,74,184,0.402173913043478,0.3659395,0.3730777,0.007138266
"65","Avery Bradley",1385,0.29025269,7,37,0.189189189189189,0.2902527,0.2855013,-0.004751397
"66","Malcolm Brogdon",193,0.40414487,56,149,0.375838926174497,0.3614556,0.3685895,0.007133835
"67","Aaron Brooks",1759,0.37464466,7,21,0.333333333333333,0.3746447,0.3735195,-0.001125211
"68","Dillon Brooks",0,0,46,116,0.396551724137931,0.344,0.3531669,0.009166917
"69","Bobby Brown",103,0.35922295,11,40,0.275,0.3463579,0.3422075,-0.004150376
"70","Jaylen Brown",135,0.34074049,72,188,0.382978723404255,0.3433383,0.3543579,0.01101955
"75","Reggie Bullock",206,0.34951439,42,96,0.4375,0.3457083,0.359206,0.01349774
"77","Alec Burks",503,0.35984088,36,105,0.342857142857143,0.355982,0.3558015,-0.0001804511
"78","Jimmy Butler",1002,0.33732532,52,147,0.353741496598639,0.3373253,0.3400156,0.002690277
"81","Jose Calderon",1888,0.40783896,26,58,0.448275862068966,0.407839,0.4107416,0.002902649
"82","Kentavious Caldwell-Pope",1435,0.33379789,79,221,0.357466063348416,0.3337979,0.3391848,0.005386887
"83","Isaiah Canaan",796,0.34924619,19,48,0.395833333333333,0.3492462,0.3520484,0.002802234
"85","Isaiah Canaan",796,0.34924619,19,48,0.395833333333333,0.3492462,0.3520484,0.002802234
"87","DeMarre Carroll",1105,0.36108594,71,204,0.348039215686274,0.3610859,0.3582961,-0.002789866
"88","Vince Carter",5282,0.37561529,23,63,0.365079365079365,0.3756153,0.3747989,-0.000816437
"89","Michael Carter-Williams",355,0.25070415,9,30,0.3,0.2941955,0.2922105,-0.001984962
"93","Tyler Cavanaugh",0,0,26,71,0.366197183098592,0.344,0.3463699,0.002369925
"94","Mario Chalmers",1951,0.3593029,33,123,0.268292682926829,0.3593029,0.3464802,-0.01282275
"96","Wilson Chandler",1790,0.33743015,43,134,0.32089552238806,0.3374301,0.3349238,-0.00250638
"97","Marquese Chriss",224,0.32142843,34,112,0.303571428571429,0.336397,0.329588,-0.006809023
"98","Ian Clark",283,0.36395747,30,94,0.319148936170213,0.3524932,0.3489805,-0.003512782
"99","Jordan Clarkson",797,0.33375153,57,170,0.335294117647059,0.3337515,0.3340366,0.000285044
"103","Zach Collins",0,0,12,37,0.324324324324324,0.344,0.3429053,-0.001094737
"105","Darren Collison",1211,0.37985133,59,135,0.437037037037037,0.3798513,0.3885746,0.008723243
"107","Mike Conley",2391,0.37933917,24,77,0.311688311688312,0.3793392,0.3730404,-0.006298811
"108","Pat Connaughton",54,0.40740665,49,134,0.365671641791045,0.3491489,0.3535158,0.004366917
"113","DeMarcus Cousins",375,0.31199992,95,270,0.351851851851852,0.3259549,0.3291429,0.00318797
"114","Robert Covington",1351,0.35381196,107,279,0.383512544802867,0.353812,0.3618649,0.008052927
"115","Allen Crabbe",686,0.41107866,101,281,0.359430604982206,0.4110787,0.3960703,-0.0150084
"116","Torrey Craig",0,0,6,24,0.25,0.344,0.3406075,-0.003392481
"117","Jamal Crawford",5784,0.34820193,56,167,0.335329341317365,0.3482019,0.3458576,-0.002344299
"119","Jae Crowder",1270,0.34645667,50,161,0.31055900621118,0.3464567,0.3401125,-0.006344153
"120","Dante Cunningham",389,0.32904876,30,93,0.32258064516129,0.3352541,0.3322586,-0.002995489
"121","Stephen Curry",4379,0.43777117,128,306,0.418300653594771,0.4377712,0.4321291,-0.005642025
"122","Troy Daniels",538,0.42007427,101,241,0.419087136929461,0.4055459,0.4197689,0.01422307
"123","Anthony Davis",269,0.28996272,26,75,0.346666666666667,0.3221414,0.3224421,0.0003007519
"126","Dewayne Dedmon",1,0,16,42,0.380952380952381,0.3434827,0.3458165,0.002333835
"127","Sam Dekker",187,0.32085544,7,53,0.132075471698113,0.3374917,0.3206015,-0.01689023
"128","Malcolm Delaney",110,0.23636342,29,82,0.353658536585366,0.3261955,0.3273865,0.001190977
"129","Matthew Dellavedova",776,0.38917521,22,59,0.372881355932203,0.3891752,0.3879869,-0.001188303
"131","DeMar DeRozan",841,0.28061828,48,138,0.347826086956522,0.2806183,0.2910627,0.01044446
"133","Gorgui Dieng",70,0.34285665,12,40,0.3,0.3438797,0.3412331,-0.002646617
"134","Spencer Dinwiddie",176,0.28977256,86,258,0.333333333333333,0.3296481,0.3255098,-0.004138346
"135","Tyler Dorsey",0,0,12,32,0.375,0.344,0.3454917,0.001491729
"136","Damyean Dotson",0,0,6,22,0.272727272727273,0.344,0.3416421,-0.002357895
"138","Goran Dragic",1640,0.36890242,62,176,0.352272727272727,0.3689024,0.3657417,-0.003160718
"140","Jared Dudley",1960,0.39693876,12,32,0.375,0.3969388,0.396041,-0.0008977496
"141","Kris Dunn",73,0.28767084,33,102,0.323529411764706,0.3378165,0.3346767,-0.00313985
"142","Kevin Durant",3321,0.37940378,95,235,0.404255319148936,0.3794038,0.3853328,0.005929047
"143","Henry Ellenson",35,0.28571347,9,23,0.391304347826087,0.3409323,0.3425684,0.00163609
"144","Wayne Ellington",1498,0.37383175,131,324,0.404320987654321,0.3738318,0.3830296,0.00919787
"145","Joel Embiid",98,0.36734656,28,98,0.285714285714286,0.3474406,0.3388511,-0.008589474
"146","James Ennis",282,0.37588639,27,77,0.350649350649351,0.3575218,0.3582917,0.0007699248
"147","Tyler Ennis",130,0.33846128,5,27,0.185185185185185,0.3429173,0.3364692,-0.00644812
"148","Jawun Evans",0,0,13,48,0.270833333333333,0.344,0.3387188,-0.005281203
"149","Tyreke Evans",976,0.29508194,92,231,0.398268398268398,0.2950819,0.3193797,0.02429773
"151","Derrick Favors",26,0.15384556,5,22,0.227272727272727,0.3365654,0.3327038,-0.003861654
"154","Raymond Felton",2254,0.3265306,38,113,0.336283185840708,0.3265306,0.3278076,0.00127699
"155","Terrance Ferguson",0,0,14,53,0.264150943396226,0.344,0.3376361,-0.00636391
"156","Yogi Ferrell",149,0.40268429,74,185,0.4,0.3571489,0.3727278,0.01557895
"158","Bryn Forbes",53,0.32075411,60,150,0.4,0.3421474,0.3547789,0.01263158
"159","Evan Fournier",1266,0.37914689,81,205,0.395121951219512,0.3791469,0.3825761,0.003429202
"160","De'Aaron Fox",0,0,19,64,0.296875,0.344,0.3394647,-0.004535338
"161","Tim Frazier",165,0.33333313,11,36,0.305555555555556,0.3413534,0.3392722,-0.002081203
"162","Channing Frye",2391,0.38895858,21,61,0.344262295081967,0.3889586,0.3855967,-0.003361866
"164","Danilo Gallinari",2023,0.37221946,16,62,0.258064516129032,0.3722195,0.3635032,-0.008716264
"165","Langston Galloway",440,0.35909083,51,141,0.361702127659574,0.353985,0.3577383,0.003753383
"166","Marc Gasol",334,0.34730529,58,177,0.327683615819209,0.3456602,0.3413173,-0.004342857
"167","Pau Gasol",338,0.37278095,36,85,0.423529411764706,0.3586286,0.368794,0.01016541
"168","Rudy Gay",2108,0.34629979,23,69,0.333333333333333,0.3462998,0.3452074,-0.001092412
"169","Paul George",2425,0.36989689,130,304,0.427631578947368,0.3698969,0.386549,0.01665213
"171","Taj Gibson",23,0.08695614,7,29,0.241379310344828,0.3351098,0.3306346,-0.004475188
"172","Manu Ginobili",3863,0.37043747,37,114,0.324561403508772,0.3704375,0.3643844,-0.006053093
"174","Aaron Gordon",457,0.2888402,76,212,0.358490566037736,0.3060932,0.3109118,0.004818576
"175","Eric Gordon",2690,0.38029738,136,396,0.343434343434343,0.3802974,0.3675594,-0.01273801
"177","Treveon Graham",15,0.599996,22,50,0.44,0.3497744,0.3569925,0.007218045
"178","Jerami Grant",416,0.30528839,15,60,0.25,0.3197835,0.3113023,-0.008481203
"179","Jerian Grant",234,0.30341867,32,109,0.293577981651376,0.3297203,0.3214556,-0.008264662
"180","Danny Green",2123,0.39990577,62,157,0.394904458598726,0.3999058,0.3990401,-0.0008657185
"181","Draymond Green",1082,0.33364137,46,151,0.304635761589404,0.3336414,0.3287803,-0.004861096
"182","Gerald Green",1890,0.36031744,34,82,0.414634146341463,0.3603174,0.3656708,0.005353329
"183","JaMychal Green",194,0.36082456,25,67,0.373134328358209,0.3489083,0.3518436,0.002935338
"184","Jeff Green",1648,0.3410194,28,85,0.329411764705882,0.3410194,0.3398378,-0.001181615
"185","Blake Griffin",268,0.29850735,51,154,0.331168831168831,0.3256662,0.3226947,-0.002971429
"187","Tim Hardaway",1271,0.35247834,62,184,0.33695652173913,0.3524783,0.3494205,-0.003057831
"188","James Harden",3801,0.36358852,146,377,0.387267904509284,0.3635885,0.3715097,0.007921143
"189","Maurice Harkless",661,0.31467469,21,62,0.338709677419355,0.3148511,0.3167358,0.001884695
"191","Devin Harris",1951,0.32444898,40,113,0.353982300884956,0.324449,0.328316,0.003867051
"192","Gary Harris",655,0.35572514,95,248,0.383064516129032,0.3555489,0.3632337,0.007684793
"193","Joe Harris",309,0.37864065,84,215,0.390697674418605,0.3600962,0.375194,0.01509774
"194","Tobias Harris",877,0.33523371,105,252,0.416666666666667,0.3352337,0.3557139,0.02048014
"195","Andrew Harrison",156,0.27564085,26,80,0.325,0.3279639,0.3256782,-0.002285714
"196","Josh Hart",0,0,36,98,0.36734693877551,0.344,0.3474406,0.003440602
"200","Juan Hernangomez",113,0.40707929,11,35,0.314285714285714,0.3547188,0.3531549,-0.00156391
"202","Mario Hezonja",336,0.32738085,33,104,0.317307692307692,0.335603,0.3314286,-0.004174436
"203","Buddy Hield",138,0.42753592,85,198,0.429292929292929,0.3613353,0.3867308,0.02539549
"205","George Hill",1965,0.37964375,52,114,0.456140350877193,0.3796437,0.389737,0.0100933
"207","Jrue Holiday",1551,0.36557058,75,219,0.342465753424658,0.3655706,0.3603487,-0.005221833
"208","Justin Holiday",458,0.35371171,110,287,0.383275261324042,0.3506887,0.3651007,0.01441195
"210","Rondae Hollis-Jefferson",81,0.23456761,9,36,0.25,0.3306707,0.325582,-0.005088722
"212","Rodney Hood",926,0.36393085,97,251,0.386454183266932,0.3639308,0.3695786,0.00564771
"213","Al Horford",563,0.34635873,60,140,0.428571428571429,0.345997,0.3627312,0.01673416
"216","Josh Huestis",10,0.599994,20,69,0.289855072463768,0.3478496,0.3422316,-0.005618045
"219","Serge Ibaka",615,0.36260157,55,155,0.354838709677419,0.361203,0.361039,-0.0001640465
"220","Andre Iguodala",2705,0.33567466,16,71,0.225352112676056,0.3356747,0.326134,-0.009540683
"221","Ersan Ilyasova",1293,0.36968288,51,126,0.404761904761905,0.3696829,0.3747285,0.005045613
"222","Joe Ingles",691,0.39942107,101,238,0.42436974789916,0.3994211,0.4058127,0.006391573
"223","Brandon Ingram",187,0.29411749,24,67,0.358208955223881,0.3299729,0.3314045,0.001431579
"224","Kyrie Irving",1887,0.38314783,112,287,0.390243902439024,0.3831478,0.3851117,0.001963907
"227","Jarrett Jack",1699,0.34785166,16,55,0.290909090909091,0.3478517,0.3439612,-0.003890486
"229","Josh Jackson",0,0,30,111,0.27027027027027,0.344,0.3316932,-0.01230677
"230","Justin Jackson",0,0,24,76,0.315789473684211,0.344,0.3407759,-0.00322406
"231","Reggie Jackson",1012,0.32806321,42,124,0.338709677419355,0.3280632,0.3295737,0.001510483
"232","LeBron James",4295,0.34155995,79,214,0.369158878504673,0.3415599,0.3476867,0.006126734
"233","Mike James",0,0,26,97,0.268041237113402,0.344,0.3329203,-0.0110797
"236","Jonas Jerebko",680,0.34999995,35,82,0.426829268292683,0.35,0.3582677,0.008267717
"240","James Johnson",612,0.29738557,32,98,0.326530612244898,0.3011008,0.3014085,0.0003076988
"241","Joe Johnson",4869,0.37564181,17,64,0.265625,0.3756418,0.3669918,-0.00864997
"242","Stanley Johnson",359,0.30083557,33,112,0.294642857142857,0.3206977,0.312385,-0.008312782
"243","Tyler Johnson",369,0.37398364,66,186,0.354838709677419,0.3606376,0.3636692,0.003031579
"244","Wesley Johnson",1570,0.33694265,38,117,0.324786324786325,0.3369427,0.3353022,-0.001640473
"245","Nikola Jokic",223,0.32735411,46,139,0.330935251798561,0.338418,0.3356872,-0.002730827
"251","Tyus Jones",126,0.33333307,25,71,0.352112676056338,0.3419789,0.3428451,0.0008661654
"253","Cory Joseph",363,0.31680432,41,106,0.386792452830189,0.3291549,0.3359759,0.006821053
"254","Frank Kaminsky",556,0.33093519,48,135,0.355555555555556,0.3330767,0.3357453,0.002668605
"256","Luke Kennard",0,0,39,89,0.438202247191011,0.344,0.3566075,0.01260752
"258","Sean Kilpatrick",418,0.34449753,16,58,0.275862068965517,0.3443128,0.3383699,-0.005942857
"259","Sean Kilpatrick",418,0.34449753,11,42,0.261904761904762,0.3443128,0.3391278,-0.005184962
"261","Maxi Kleber",0,0,18,63,0.285714285714286,0.344,0.3384782,-0.005521805
"263","Kyle Korver",4487,0.43369734,103,237,0.434599156118143,0.4336973,0.4339139,0.0002165459
"265","Kyle Kuzma",0,0,88,238,0.369747899159664,0.344,0.353215,0.009215038
"267","Skal Labissiere",8,0.37499531,7,20,0.35,0.3443729,0.3445534,0.0001804511
"268","Jeremy Lamb",715,0.32447548,49,137,0.357664233576642,0.3244755,0.3298122,0.005336682
"269","Shane Larkin",262,0.32824415,16,43,0.372093023255814,0.3377925,0.339609,0.001816541
"273","T.J. Leaf",0,0,16,33,0.484848484848485,0.344,0.3509895,0.006989474
"274","Courtney Lee",1689,0.38602721,77,178,0.432584269662921,0.3860272,0.3949573,0.008930125
"276","Kawhi Leonard",1335,0.38801495,11,35,0.314285714285714,0.388015,0.3847277,-0.003287291
"279","Caris LeVert",184,0.320652,55,160,0.34375,0.3375398,0.3374797,-6.015038e-05
"280","DeAndre Liggins",24,0.29166545,11,36,0.305555555555556,0.3421113,0.3400301,-0.002081203
"281","DeAndre Liggins",24,0.29166545,11,36,0.305555555555556,0.3421113,0.3400301,-0.002081203
"283","Damian Lillard",2818,0.36976578,106,304,0.348684210526316,0.3697658,0.3636853,-0.006080452
"287","Brook Lopez",418,0.32775112,49,158,0.310126582278481,0.3337865,0.3257383,-0.00804812
"289","Kevin Love",2435,0.36427103,99,245,0.404081632653061,0.364271,0.3740736,0.00980261
"290","Kyle Lowry",3052,0.36697247,121,310,0.390322580645161,0.3669725,0.3738013,0.006828807
"291","Timothe Luwawu-Cabarrot",161,0.31055881,33,108,0.305555555555556,0.3359038,0.3296602,-0.006243609
"293","Trey Lyles",332,0.34337339,54,128,0.421875,0.3436872,0.3586767,0.01498947
"294","Shelvin Mack",606,0.33003295,10,34,0.294117647058824,0.3312722,0.3287218,-0.002550376
"297","Thon Maker",74,0.37837787,19,57,0.333333333333333,0.3478256,0.3469113,-0.0009142857
"299","Lauri Markkanen",0,0,103,276,0.373188405797101,0.344,0.3561143,0.01211429
"300","Jarell Martin",27,0.3333321,12,42,0.285714285714286,0.3435669,0.3398857,-0.003681203
"301","Frank Mason",0,0,18,43,0.418604651162791,0.344,0.3488241,0.00482406
"303","Wesley Matthews",3265,0.38346094,104,272,0.382352941176471,0.3834609,0.3831661,-0.0002948875
"304","Luc Mbah a Moute",435,0.32413786,29,75,0.386666666666667,0.3310075,0.3358195,0.00481203
"306","Patrick McCaw",123,0.33333306,15,59,0.254237288135593,0.3420271,0.3340632,-0.00796391
"307","C.J. McCollum",1130,0.4132743,111,261,0.425287356321839,0.4132743,0.4163756,0.003101294
"308","T.J. McConnell",144,0.29166646,16,37,0.432432432432432,0.3326677,0.337588,0.004920301
"310","Doug McDermott",358,0.40223452,51,125,0.408,0.3753504,0.3873805,0.01203008
"313","Ben McLemore",1043,0.35186957,22,67,0.328358208955224,0.3518696,0.3499415,-0.001928105
"315","Jodie Meeks",1768,0.38009048,38,124,0.306451612903226,0.3800905,0.3696429,-0.01044762
"318","Khris Middleton",1068,0.40355801,84,246,0.341463414634146,0.403558,0.3882214,-0.01533662
"319","C.J. Miles",2795,0.36064399,89,236,0.377118644067797,0.360644,0.3645872,0.003943222
"320","Darius Miller",134,0.35074601,79,185,0.427027027027027,0.3453594,0.3684571,0.02309774
"322","Patty Mills",1498,0.39519357,84,219,0.383561643835616,0.3951936,0.3925647,-0.002628886
"323","Paul Millsap",1014,0.32840233,20,58,0.344827586206897,0.3284023,0.3295814,0.00117904
"324","Nikola Mirotic",1036,0.35038607,58,127,0.456692913385827,0.3503861,0.3657806,0.01539449
"325","Donovan Mitchell",0,0,98,284,0.345070422535211,0.344,0.3444571,0.0004571429
"327","Malik Monk",0,0,39,115,0.339130434782609,0.344,0.3431579,-0.0008421053
"332","E'Twaun Moore",753,0.36918986,76,171,0.444444444444444,0.3691899,0.3831622,0.01397235
"334","Marcus Morris",1284,0.35124608,32,91,0.351648351648352,0.3512461,0.3512896,4.352777e-05
"335","Markieff Morris",820,0.33536581,35,94,0.372340425531915,0.3353658,0.3394838,0.004118026
"339","Emmanuel Mudiay",410,0.31707309,36,91,0.395604395604396,0.3273985,0.3344602,0.007061654
"342","Jamal Murray",344,0.33430223,83,229,0.362445414847162,0.3389835,0.3453353,0.00635188
"343","Mike Muscala",174,0.38505725,9,23,0.391304347826087,0.3547429,0.3563789,0.00163609
"344","Abdel Nader",0,0,7,22,0.318181818181818,0.344,0.3431459,-0.0008541353
"346","Shabazz Napier",314,0.35350307,43,99,0.434343434343434,0.3484872,0.3619368,0.01344962
"347","Jameer Nelson",2882,0.37092296,32,92,0.347826086956522,0.370923,0.3683993,-0.002523649
"348","Raul Neto",193,0.38341949,12,26,0.461538461538462,0.3554406,0.3600361,0.004595489
"352","Dirk Nowitzki",4600,0.38391304,73,177,0.412429378531073,0.383913,0.3893579,0.005444868
"353","Frank Ntilikina",0,0,25,81,0.308641975308642,0.344,0.3396932,-0.004306767
"356","Johnny O'Bryant",4,0.4999875,9,31,0.290322580645161,0.3449383,0.3424361,-0.002502256
"357","Royce O'Neale",0,0,17,49,0.346938775510204,0.344,0.3442165,0.0002165414
"359","Semi Ojeleye",0,0,21,73,0.287671232876712,0.344,0.3378165,-0.006183459
"363","Victor Oladipo",1108,0.34566784,104,259,0.401544401544402,0.3456678,0.3600108,0.01434294
"364","Kelly Olynyk",691,0.36758316,57,136,0.419117647058824,0.3675832,0.376058,0.008474828
"365","Cedi Osman",0,0,10,28,0.357142857142857,0.344,0.3445534,0.0005533835
"366","Kelly Oubre",267,0.29588004,77,190,0.405263157894737,0.3246797,0.3421835,0.01750376
"371","Chandler Parsons",1615,0.37337459,39,95,0.410526315789474,0.3733746,0.3775514,0.004176821
"372","Patrick Patterson",982,0.37372705,34,89,0.382022471910112,0.373727,0.374607,0.0008799673
"373","Brandon Paul",0,0,14,44,0.318181818181818,0.344,0.3422917,-0.001708271
"374","Chris Paul",2692,0.3703566,69,181,0.38121546961326,0.3703566,0.3724677,0.002111123
"376","Elfrid Payton",280,0.28928561,23,58,0.396551724137931,0.3209624,0.3255459,0.004583459
"385","Quincy Pondexter",480,0.38541659,3,22,0.136363636363636,0.3738947,0.3670256,-0.006869173
"386","Otto Porter",733,0.38881304,72,165,0.436363636363636,0.3888131,0.3975501,0.008737014
"387","Bobby Portis",148,0.32432411,32,92,0.347826086956522,0.3396211,0.3401504,0.0005293233
"388","Kristaps Porzingis",557,0.34649904,73,193,0.378238341968912,0.3460932,0.3546667,0.008573434
"389","Dwight Powell",101,0.25742549,12,45,0.266666666666667,0.3308511,0.325618,-0.005233083
"390","Norman Powell",262,0.3511449,32,111,0.288288288288288,0.346815,0.3375158,-0.009299248
"395","Julius Randle",99,0.272727,8,34,0.235294117647059,0.3333895,0.3278316,-0.005557895
"396","Zach Randolph",558,0.25268813,27,84,0.321428571428571,0.2673805,0.2645293,-0.002851128
"397","J.J. Redick",2764,0.41751084,98,242,0.40495867768595,0.4175108,0.4144487,-0.00306212
"400","Josh Richardson",342,0.3742689,74,205,0.360975609756098,0.3595669,0.3648,0.005233083
"401","Malachi Richardson",28,0.28571327,12,37,0.324324324324324,0.3415459,0.3404511,-0.001094737
"402","Austin Rivers",750,0.34933329,81,200,0.405,0.3493333,0.3610526,0.0117193
"403","Andre Roberson",385,0.25974019,8,36,0.222222222222222,0.295218,0.2886256,-0.006592481
"404","Rajon Rondo",758,0.30606856,22,64,0.34375,0.3060686,0.3090312,0.002962668
"406","Terrence Ross",1468,0.37329698,28,85,0.329411764705882,0.373297,0.3688296,-0.004467357
"407","Terry Rozier",206,0.30582509,71,199,0.35678391959799,0.3321744,0.336,0.003825564
"408","Ricky Rubio",756,0.31481477,46,155,0.296774193548387,0.3148148,0.311725,-0.003089823
"409","D'Angelo Russell",754,0.35145884,18,64,0.28125,0.3514588,0.3459387,-0.005520105
"412","Dario Saric",341,0.31085035,72,198,0.363636363636364,0.3270015,0.3328481,0.005846617
"413","Tomas Satoransky",37,0.24324259,15,38,0.394736842105263,0.338394,0.3412932,0.002899248
"414","Dennis Schroder",723,0.33056704,47,157,0.299363057324841,0.3305671,0.325,-0.005567082
"415","Mike Scott",578,0.33564008,40,92,0.434782608695652,0.3367338,0.3492537,0.0125199
"416","Thabo Sefolosha",1203,0.34663339,32,84,0.380952380952381,0.3466334,0.35009,0.003456589
"417","Wayne Selden",21,0.14285646,7,21,0.333333333333333,0.3376481,0.3373113,-0.0003368421
"419","Iman Shumpert",1049,0.3393708,7,25,0.28,0.3393708,0.3374556,-0.001915187
"420","Pascal Siakam",7,0.1428551,14,85,0.164705882352941,0.3418827,0.3189654,-0.02291729
"422","Jonathon Simmons",149,0.32214743,39,126,0.30952380952381,0.3391038,0.3325714,-0.006532331
"425","Marcus Smart",845,0.29112423,59,200,0.295,0.2911242,0.2919402,0.0008159524
"426","Dennis Smith",0,0,56,171,0.327485380116959,0.344,0.3397534,-0.004246617
"427","Ish Smith",336,0.28869039,5,29,0.172413793103448,0.3160541,0.3085714,-0.007482707
"428","J.R. Smith",4657,0.37406055,73,210,0.347619047619048,0.3740605,0.3682765,-0.005784078
"431","Tony Snell",885,0.37288131,62,145,0.427586206896552,0.3728813,0.3817441,0.008862804
"432","Marreese Speights",413,0.3486682,56,157,0.356687898089172,0.3468992,0.3498947,0.002995489
"433","Nik Stauskas",833,0.34333729,24,52,0.461538461538462,0.3433373,0.3510012,0.007663916
"435","Nik Stauskas",833,0.34333729,24,51,0.470588235294118,0.3433373,0.3514394,0.00810212
"436","Lance Stephenson",611,0.30441894,34,114,0.298245614035088,0.3076331,0.3034483,-0.004184807
"439","Jayson Tatum",0,0,64,140,0.457142857142857,0.344,0.3678195,0.02381955
"440","Isaiah Taylor",2,0,9,33,0.272727272727273,0.3429654,0.3394286,-0.003536842
"441","Jeff Teague",1436,0.35515318,46,126,0.365079365079365,0.3551532,0.3565809,0.001427739
"442","Mirza Teletovic",1415,0.36749114,21,45,0.466666666666667,0.3674911,0.3731048,0.005613709
"443","Garrett Temple",724,0.34944747,54,151,0.357615894039735,0.3494475,0.3508571,0.001409629
"444","Milos Teodosic",0,0,34,95,0.357894736842105,0.344,0.345985,0.001984962
"446","Daniel Theis",0,0,9,35,0.257142857142857,0.344,0.3394286,-0.004571429
"447","Isaiah Thomas",2154,0.36443824,10,40,0.25,0.3644382,0.3586439,-0.005794341
"448","Lance Thomas",216,0.41203685,23,61,0.377049180327869,0.3660992,0.3691308,0.003031579
"449","Klay Thompson",3171,0.41879532,152,335,0.453731343283582,0.4187953,0.429582,0.0107867
"451","Sindarius Thornwell",0,0,13,37,0.351351351351351,0.344,0.344409,0.0004090226
"452","Anthony Tolliver",1518,0.36100129,68,171,0.39766081871345,0.3610013,0.3678078,0.006806492
"453","Karl-Anthony Towns",363,0.36088144,71,174,0.408045977011494,0.353215,0.3699729,0.01675789
"454","P.J. Tucker",779,0.35301664,46,138,0.333333333333333,0.3530166,0.3499578,-0.003058893
"455","Evan Turner",596,0.30033552,19,67,0.283582089552239,0.3048662,0.2987789,-0.006087218
"456","Myles Turner",129,0.33333307,28,84,0.333333333333333,0.3419308,0.3405835,-0.001347368
"458","Tyler Ulis",79,0.26582245,22,85,0.258823529411765,0.3347128,0.3238256,-0.01088722
"459","Jonas Valanciunas",4,0.24999375,8,21,0.380952380952381,0.3434346,0.3446015,0.001166917
"460","Denzel Valentine",208,0.35096137,81,207,0.391304347826087,0.3461774,0.3609023,0.01472481
"461","Fred VanVleet",29,0.37930904,43,115,0.373913043478261,0.3455398,0.3507128,0.005172932
"462","Rashad Vaughn",228,0.30263145,12,33,0.363636363636364,0.3298165,0.330791,0.0009744361
"464","Nikola Vucevic",101,0.29702941,48,140,0.342857142857143,0.3368662,0.3366256,-0.0002406015
"465","Dwyane Wade",1502,0.28695071,20,61,0.327868852459016,0.2869507,0.2900284,0.00307769
"466","Dion Waiters",1068,0.35299622,52,170,0.305882352941176,0.3529962,0.3442904,-0.008705824
"467","Kemba Walker",2257,0.35090827,101,289,0.349480968858132,0.3509083,0.3505113,-0.0003970067
"468","John Wall",1327,0.32102484,48,134,0.358208955223881,0.3210248,0.3266613,0.005636506
"470","Taurean Waller-Prince",102,0.32352909,79,199,0.396984924623116,0.3408602,0.3567158,0.01585564
"472","T.J. Warren",189,0.31216915,12,64,0.1875,0.3349534,0.3198917,-0.01506165
"475","Russell Westbrook",2258,0.31266606,62,200,0.31,0.3126661,0.3121048,-0.0005612763
"480","Andrew Wiggins",605,0.32892557,65,200,0.325,0.3302857,0.3279503,-0.002335404
"483","C.J. Williams",0,0,21,60,0.35,0.344,0.3445414,0.0005413534
"484","Lou Williams",2430,0.3403292,128,311,0.411575562700965,0.3403292,0.3612129,0.02088371
"485","Marvin Williams",2051,0.35299852,72,158,0.455696202531646,0.3529985,0.3708688,0.0178703
"489","Jamil Wilson",0,0,27,63,0.428571428571429,0.344,0.352012,0.00801203
"490","Justise Winslow",151,0.25827797,20,46,0.434782608695652,0.3245353,0.330815,0.006279699
"494","Delon Wright",43,0.3488364,26,67,0.388059701492537,0.3443128,0.3487519,0.004439098
"496","Joe Young",69,0.21739099,11,30,0.366666666666667,0.3308632,0.3318857,0.001022556
"497","Nick Young",2233,0.37617553,61,159,0.383647798742138,0.3761755,0.3774826,0.00130703
"498","Thaddeus Young",845,0.33017748,42,119,0.352941176470588,0.3301775,0.3332947,0.003117239
"500","Tyler Zeller",6,0,9,24,0.375,0.3408962,0.342015,0.001118797
"501","Paul Zipser",99,0.333333,20,66,0.303030303030303,0.342412,0.3383459,-0.004066165
